id,AircraftCode,Aircraft,airline
6E 102,32Q,Airbus A321neo,Indigo Airlines
6E 106,32N,Airbus A320neo,Indigo Airlines
6E 107,32Q,Airbus A321neo,Indigo Airlines
6E 115,32N,Airbus A320neo,Indigo Airlines
6E 117,320,Airbus A320,Indigo Airlines
6E 125,320,Airbus A320,Indigo Airlines
6E 127,32N,Airbus A320neo,Indigo Airlines
6E 133,320,Airbus A320,Indigo Airlines
6E 142,32N,Airbus A320neo,Indigo Airlines
6E 143,32Q,Airbus A321neo,Indigo Airlines
6E 146,32N,Airbus A320neo,Indigo Airlines
6E 152,32N,Airbus A320neo,Indigo Airlines
6E 169,32N,Airbus A320neo,Indigo Airlines
6E 193,32N,Airbus A320neo,Indigo Airlines
6E 2015,32N,Airbus A320neo,Indigo Airlines
6E 2016,321,Airbus A321,Indigo Airlines
6E 2018,32N,Airbus A320neo,Indigo Airlines
6E 2026,32N,Airbus A320neo,Indigo Airlines
6E 2027,320,Airbus A320,Indigo Airlines
6E 2042,32N,Airbus A320neo,Indigo Airlines
6E 2045,32Q,Airbus A321neo,Indigo Airlines
6E 2047,320,Airbus A320,Indigo Airlines
6E 2057,320,Airbus A320,Indigo Airlines
6E 2058,32N,Airbus A320neo,Indigo Airlines
6E 2062,32Q,Airbus A321neo,Indigo Airlines
6E 2072,32N,Airbus A320neo,Indigo Airlines
6E 2073,320,Airbus A320,Indigo Airlines
6E 2074,32N,Airbus A320neo,Indigo Airlines
6E 209,32N,Airbus A320neo,Indigo Airlines
6E 2137,32A,Airbus A320 (sharklets),Indigo Airlines
6E 215,321,Airbus A321,Indigo Airlines
6E 2164,320,Airbus A320,Indigo Airlines
6E 2165,32Q,Airbus A321neo,Indigo Airlines
6E 2166,320,Airbus A320,Indigo Airlines
6E 2167,320,Airbus A320,Indigo Airlines
6E 2168,32N,Airbus A320neo,Indigo Airlines
6E 2169,32Q,Airbus A321neo,Indigo Airlines
6E 2171,32N,Airbus A320neo,Indigo Airlines
6E 2172,320,Airbus A320,Indigo Airlines
6E 2174,32Q,Airbus A321neo,Indigo Airlines
6E 2192,32N,Airbus A320neo,Indigo Airlines
6E 2198,320,Airbus A320,Indigo Airlines
6E 2201,32N,Airbus A320neo,Indigo Airlines
6E 2204,321,Airbus A321,Indigo Airlines
6E 2214,320,Airbus A320,Indigo Airlines
6E 225,32N,Airbus A320neo,Indigo Airlines
6E 2258,320,Airbus A320,Indigo Airlines
6E 2273,32Q,Airbus A321neo,Indigo Airlines
6E 2305,32Q,Airbus A321neo,Indigo Airlines
6E 2306,32N,Airbus A320neo,Indigo Airlines
6E 235,32Q,Airbus A321neo,Indigo Airlines
6E 2376,321,Airbus A321,Indigo Airlines
6E 2393,320,Airbus A320,Indigo Airlines
6E 2394,32N,Airbus A320neo,Indigo Airlines
6E 2403,32N,Airbus A320neo,Indigo Airlines
6E 2409,32Q,Airbus A321neo,Indigo Airlines
6E 2425,32N,Airbus A320neo,Indigo Airlines
6E 243,32Q,Airbus A321neo,Indigo Airlines
6E 249,32Q,Airbus A321neo,Indigo Airlines
6E 2587,320,Airbus A320,Indigo Airlines
6E 2625,32Q,Airbus A321neo,Indigo Airlines
6E 2698,32A,Airbus A320 (sharklets),Indigo Airlines
6E 2716,32A,Airbus A320 (sharklets),Indigo Airlines
6E 289,32Q,Airbus A321neo,Indigo Airlines
6E 297,32Q,Airbus A321neo,Indigo Airlines
6E 308,32Q,Airbus A321neo,Indigo Airlines
6E 321,32Q,Airbus A321neo,Indigo Airlines
6E 322,32N,Airbus A320neo,Indigo Airlines
6E 326,32N,Airbus A320neo,Indigo Airlines
6E 336,32N,Airbus A320neo,Indigo Airlines
6E 343,32N,Airbus A320neo,Indigo Airlines
6E 348,32A,Airbus A320 (sharklets),Indigo Airlines
6E 362,32A,Airbus A320 (sharklets),Indigo Airlines
6E 365,32Q,Airbus A321neo,Indigo Airlines
6E 366,32A,Airbus A320 (sharklets),Indigo Airlines
6E 387,32N,Airbus A320neo,Indigo Airlines
6E 397,32N,Airbus A320neo,Indigo Airlines
6E 399,32N,Airbus A320neo,Indigo Airlines
6E 412,32N,Airbus A320neo,Indigo Airlines
6E 442,32Q,Airbus A321neo,Indigo Airlines
6E 446,32N,Airbus A320neo,Indigo Airlines
6E 465,32Q,Airbus A321neo,Indigo Airlines
6E 472,32Q,Airbus A321neo,Indigo Airlines
6E 475,32N,Airbus A320neo,Indigo Airlines
6E 481,32Q,Airbus A321neo,Indigo Airlines
6E 5006,321,Airbus A321,Indigo Airlines
6E 5007,32Q,Airbus A321neo,Indigo Airlines
6E 5009,32Q,Airbus A321neo,Indigo Airlines
6E 501,32Q,Airbus A321neo,Indigo Airlines
6E 5014,321,Airbus A321,Indigo Airlines
6E 5019,32N,Airbus A320neo,Indigo Airlines
6E 5021,320,Airbus A320,Indigo Airlines
6E 5026,321,Airbus A321,Indigo Airlines
6E 5031,32Q,Airbus A321neo,Indigo Airlines
6E 5032,32Q,Airbus A321neo,Indigo Airlines
6E 5037,32Q,Airbus A321neo,Indigo Airlines
6E 5038,32Q,Airbus A321neo,Indigo Airlines
6E 5039,32Q,Airbus A321neo,Indigo Airlines
6E 5043,32Q,Airbus A321neo,Indigo Airlines
6E 5061,321,Airbus A321,Indigo Airlines
6E 511,32Q,Airbus A321neo,Indigo Airlines
6E 5153,32Q,Airbus A321neo,Indigo Airlines
6E 519,32Q,Airbus A321neo,Indigo Airlines
6E 526,32A,Airbus A320 (sharklets),Indigo Airlines
6E 5302,32N,Airbus A320neo,Indigo Airlines
6E 5304,32Q,Airbus A321neo,Indigo Airlines
6E 5305,32N,Airbus A320neo,Indigo Airlines
6E 5306,32N,Airbus A320neo,Indigo Airlines
6E 5307,32Q,Airbus A321neo,Indigo Airlines
6E 5309,32A,Airbus A320 (sharklets),Indigo Airlines
6E 5313,32Q,Airbus A321neo,Indigo Airlines
6E 5319,321,Airbus A321,Indigo Airlines
6E 532,32N,Airbus A320neo,Indigo Airlines
6E 5321,32A,Airbus A320 (sharklets),Indigo Airlines
6E 5331,32Q,Airbus A321neo,Indigo Airlines
6E 5332,32Q,Airbus A321neo,Indigo Airlines
6E 5334,32N,Airbus A320neo,Indigo Airlines
6E 5337,32Q,Airbus A321neo,Indigo Airlines
6E 5343,32Q,Airbus A321neo,Indigo Airlines
6E 5345,32Q,Airbus A321neo,Indigo Airlines
6E 5347,32N,Airbus A320neo,Indigo Airlines
6E 5351,320,Airbus A320,Indigo Airlines
6E 5352,32Q,Airbus A321neo,Indigo Airlines
6E 5354,32Q,Airbus A321neo,Indigo Airlines
6E 5358,32N,Airbus A320neo,Indigo Airlines
6E 5359,32Q,Airbus A321neo,Indigo Airlines
6E 5361,32Q,Airbus A321neo,Indigo Airlines
6E 5362,32Q,Airbus A321neo,Indigo Airlines
6E 5363,32N,Airbus A320neo,Indigo Airlines
6E 5367,32Q,Airbus A321neo,Indigo Airlines
6E 537,32N,Airbus A320neo,Indigo Airlines
6E 5372,32Q,Airbus A321neo,Indigo Airlines
6E 5375,32Q,Airbus A321neo,Indigo Airlines
6E 5376,32Q,Airbus A321neo,Indigo Airlines
6E 5381,32Q,Airbus A321neo,Indigo Airlines
6E 5382,32Q,Airbus A321neo,Indigo Airlines
6E 5384,32Q,Airbus A321neo,Indigo Airlines
6E 5387,32Q,Airbus A321neo,Indigo Airlines
6E 5388,32Q,Airbus A321neo,Indigo Airlines
6E 5389,32N,Airbus A320neo,Indigo Airlines
6E 5393,32Q,Airbus A321neo,Indigo Airlines
6E 5394,32N,Airbus A320neo,Indigo Airlines
6E 5395,32Q,Airbus A321neo,Indigo Airlines
6E 5396,32N,Airbus A320neo,Indigo Airlines
6E 543,32Q,Airbus A321neo,Indigo Airlines
6E 544,32N,Airbus A320neo,Indigo Airlines
6E 549,32Q,Airbus A321neo,Indigo Airlines
6E 551,32N,Airbus A320neo,Indigo Airlines
6E 553,32N,Airbus A320neo,Indigo Airlines
6E 561,32Q,Airbus A321neo,Indigo Airlines
6E 563,32Q,Airbus A321neo,Indigo Airlines
6E 564,32Q,Airbus A321neo,Indigo Airlines
6E 569,32N,Airbus A320neo,Indigo Airlines
6E 573,320,Airbus A320,Indigo Airlines
6E 581,32A,Airbus A320 (sharklets),Indigo Airlines
6E 588,32N,Airbus A320neo,Indigo Airlines
6E 589,32A,Airbus A320 (sharklets),Indigo Airlines
6E 594,32Q,Airbus A321neo,Indigo Airlines
6E 6004,32Q,Airbus A321neo,Indigo Airlines
6E 6007,32A,Airbus A320 (sharklets),Indigo Airlines
6E 6008,32N,Airbus A320neo,Indigo Airlines
6E 6011,32N,Airbus A320neo,Indigo Airlines
6E 6016,32N,Airbus A320neo,Indigo Airlines
6E 6017,32A,Airbus A320 (sharklets),Indigo Airlines
6E 6052,320,Airbus A320,Indigo Airlines
6E 6055,32Q,Airbus A321neo,Indigo Airlines
6E 6056,32Q,Airbus A321neo,Indigo Airlines
6E 606,32Q,Airbus A321neo,Indigo Airlines
6E 607,32N,Airbus A320neo,Indigo Airlines
6E 6107,32Q,Airbus A321neo,Indigo Airlines
6E 6109,32N,Airbus A320neo,Indigo Airlines
6E 611,32N,Airbus A320neo,Indigo Airlines
6E 6116,32N,Airbus A320neo,Indigo Airlines
6E 612,32Q,Airbus A321neo,Indigo Airlines
6E 6134,320,Airbus A320,Indigo Airlines
6E 6139,32N,Airbus A320neo,Indigo Airlines
6E 6147,32Q,Airbus A321neo,Indigo Airlines
6E 6152,32A,Airbus A320 (sharklets),Indigo Airlines
6E 6154,32Q,Airbus A321neo,Indigo Airlines
6E 6155,32N,Airbus A320neo,Indigo Airlines
6E 6158,32Q,Airbus A321neo,Indigo Airlines
6E 6159,320,Airbus A320,Indigo Airlines
6E 617,32A,Airbus A320 (sharklets),Indigo Airlines
6E 6173,32N,Airbus A320neo,Indigo Airlines
6E 6176,32A,Airbus A320 (sharklets),Indigo Airlines
6E 618,32A,Airbus A320 (sharklets),Indigo Airlines
6E 6223,320,Airbus A320,Indigo Airlines
6E 6244,32N,Airbus A320neo,Indigo Airlines
6E 625,32A,Airbus A320 (sharklets),Indigo Airlines
6E 626,32N,Airbus A320neo,Indigo Airlines
6E 6276,32N,Airbus A320neo,Indigo Airlines
6E 6298,320,Airbus A320,Indigo Airlines
6E 6305,32N,Airbus A320neo,Indigo Airlines
6E 631,32N,Airbus A320neo,Indigo Airlines
6E 6315,32Q,Airbus A321neo,Indigo Airlines
6E 6318,321,Airbus A321,Indigo Airlines
6E 6328,32Q,Airbus A321neo,Indigo Airlines
6E 633,32Q,Airbus A321neo,Indigo Airlines
6E 637,32Q,Airbus A321neo,Indigo Airlines
6E 6374,32Q,Airbus A321neo,Indigo Airlines
6E 6375,32N,Airbus A320neo,Indigo Airlines
6E 638,32Q,Airbus A321neo,Indigo Airlines
6E 6404,320,Airbus A320,Indigo Airlines
6E 6405,320,Airbus A320,Indigo Airlines
6E 6414,32N,Airbus A320neo,Indigo Airlines
6E 6417,32N,Airbus A320neo,Indigo Airlines
6E 6423,32N,Airbus A320neo,Indigo Airlines
6E 6467,32N,Airbus A320neo,Indigo Airlines
6E 6494,32Q,Airbus A321neo,Indigo Airlines
6E 6527,32N,Airbus A320neo,Indigo Airlines
6E 6529,32Q,Airbus A321neo,Indigo Airlines
6E 6532,32A,Airbus A320 (sharklets),Indigo Airlines
6E 6535,32Q,Airbus A321neo,Indigo Airlines
6E 6536,32Q,Airbus A321neo,Indigo Airlines
6E 6539,32Q,Airbus A321neo,Indigo Airlines
6E 6606,32Q,Airbus A321neo,Indigo Airlines
6E 6623,32Q,Airbus A321neo,Indigo Airlines
6E 663,32A,Airbus A320 (sharklets),Indigo Airlines
6E 6638,320,Airbus A320,Indigo Airlines
6E 664,32Q,Airbus A321neo,Indigo Airlines
6E 6682,32N,Airbus A320neo,Indigo Airlines
6E 6683,32Q,Airbus A321neo,Indigo Airlines
6E 6714,32A,Airbus A320 (sharklets),Indigo Airlines
6E 672,32A,Airbus A320 (sharklets),Indigo Airlines
6E 673,321,Airbus A321,Indigo Airlines
6E 6749,32A,Airbus A320 (sharklets),Indigo Airlines
6E 6797,32A,Airbus A320 (sharklets),Indigo Airlines
6E 6798,32N,Airbus A320neo,Indigo Airlines
6E 6799,32N,Airbus A320neo,Indigo Airlines
6E 6801,32N,Airbus A320neo,Indigo Airlines
6E 6807,32N,Airbus A320neo,Indigo Airlines
6E 681,320,Airbus A320,Indigo Airlines
6E 682,32Q,Airbus A321neo,Indigo Airlines
6E 684,32Q,Airbus A321neo,Indigo Airlines
6E 685,32Q,Airbus A321neo,Indigo Airlines
6E 687,32N,Airbus A320neo,Indigo Airlines
6E 6876,32Q,Airbus A321neo,Indigo Airlines
6E 6877,32Q,Airbus A321neo,Indigo Airlines
6E 6892,32Q,Airbus A321neo,Indigo Airlines
6E 6904,32N,Airbus A320neo,Indigo Airlines
6E 6908,32Q,Airbus A321neo,Indigo Airlines
6E 691,32A,Airbus A320 (sharklets),Indigo Airlines
6E 695,32N,Airbus A320neo,Indigo Airlines
6E 6956,32N,Airbus A320neo,Indigo Airlines
6E 6966,32N,Airbus A320neo,Indigo Airlines
6E 701,320,Airbus A320,Indigo Airlines
6E 702,32N,Airbus A320neo,Indigo Airlines
6E 703,32N,Airbus A320neo,Indigo Airlines
6E 7103,ATR,ATR 42 / ATR 72,Indigo Airlines
6E 7105,AT7,ATR 72,Indigo Airlines
6E 7126,AT7,ATR 72,Indigo Airlines
6E 7128,AT7,ATR 72,Indigo Airlines
6E 7129,AT7,ATR 72,Indigo Airlines
6E 7131,AT7,ATR 72,Indigo Airlines
6E 7132,AT7,ATR 72,Indigo Airlines
6E 7133,AT7,ATR 72,Indigo Airlines
6E 7134,AT7,ATR 72,Indigo Airlines
6E 7138,AT7,ATR 72,Indigo Airlines
6E 7145,AT7,ATR 72,Indigo Airlines
6E 7148,AT7,ATR 72,Indigo Airlines
6E 715,32N,Airbus A320neo,Indigo Airlines
6E 7152,ATR,ATR 42 / ATR 72,Indigo Airlines
6E 7154,AT7,ATR 72,Indigo Airlines
6E 7156,AT7,ATR 72,Indigo Airlines
6E 7157,AT7,ATR 72,Indigo Airlines
6E 7164,AT7,ATR 72,Indigo Airlines
6E 7165,AT7,ATR 72,Indigo Airlines
6E 7167,AT7,ATR 72,Indigo Airlines
6E 7168,AT7,ATR 72,Indigo Airlines
6E 7169,AT7,ATR 72,Indigo Airlines
6E 718,32N,Airbus A320neo,Indigo Airlines
6E 7187,AT7,ATR 72,Indigo Airlines
6E 7188,AT7,ATR 72,Indigo Airlines
6E 7193,AT7,ATR 72,Indigo Airlines
6E 7194,AT7,ATR 72,Indigo Airlines
6E 7197,AT7,ATR 72,Indigo Airlines
6E 7199,AT7,ATR 72,Indigo Airlines
6E 7206,ATR,ATR 42 / ATR 72,Indigo Airlines
6E 7207,AT7,ATR 72,Indigo Airlines
6E 7211,ATR,ATR 42 / ATR 72,Indigo Airlines
6E 7212,AT7,ATR 72,Indigo Airlines
6E 7214,ATR,ATR 42 / ATR 72,Indigo Airlines
6E 7219,AT7,ATR 72,Indigo Airlines
6E 7223,AT7,ATR 72,Indigo Airlines
6E 7225,AT7,ATR 72,Indigo Airlines
6E 7228,AT7,ATR 72,Indigo Airlines
6E 7229,AT7,ATR 72,Indigo Airlines
6E 7234,AT7,ATR 72,Indigo Airlines
6E 7238,AT7,ATR 72,Indigo Airlines
6E 7239,AT7,ATR 72,Indigo Airlines
6E 7245,AT7,ATR 72,Indigo Airlines
6E 7246,AT7,ATR 72,Indigo Airlines
6E 7247,ATR,ATR 42 / ATR 72,Indigo Airlines
6E 7248,AT7,ATR 72,Indigo Airlines
6E 7249,AT7,ATR 72,Indigo Airlines
6E 7252,AT7,ATR 72,Indigo Airlines
6E 7253,AT7,ATR 72,Indigo Airlines
6E 7261,ATR,ATR 42 / ATR 72,Indigo Airlines
6E 7262,AT7,ATR 72,Indigo Airlines
6E 7264,AT7,ATR 72,Indigo Airlines
6E 7268,AT7,ATR 72,Indigo Airlines
6E 7269,AT7,ATR 72,Indigo Airlines
6E 7274,AT7,ATR 72,Indigo Airlines
6E 7282,AT7,ATR 72,Indigo Airlines
6E 7283,AT7,ATR 72,Indigo Airlines
6E 7284,AT7,ATR 72,Indigo Airlines
6E 7287,AT7,ATR 72,Indigo Airlines
6E 7308,AT7,ATR 72,Indigo Airlines
6E 7309,AT7,ATR 72,Indigo Airlines
6E 731,32Q,Airbus A321neo,Indigo Airlines
6E 7311,AT7,ATR 72,Indigo Airlines
6E 7345,AT7,ATR 72,Indigo Airlines
6E 7346,AT7,ATR 72,Indigo Airlines
6E 7347,AT7,ATR 72,Indigo Airlines
6E 746,32N,Airbus A320neo,Indigo Airlines
6E 751,32N,Airbus A320neo,Indigo Airlines
6E 753,32N,Airbus A320neo,Indigo Airlines
6E 756,32N,Airbus A320neo,Indigo Airlines
6E 764,32N,Airbus A320neo,Indigo Airlines
6E 7684,AT7,ATR 72,Indigo Airlines
6E 771,32Q,Airbus A321neo,Indigo Airlines
6E 7738,AT7,ATR 72,Indigo Airlines
6E 7739,AT7,ATR 72,Indigo Airlines
6E 775,32A,Airbus A320 (sharklets),Indigo Airlines
6E 779,32N,Airbus A320neo,Indigo Airlines
6E 782,32N,Airbus A320neo,Indigo Airlines
6E 783,320,Airbus A320,Indigo Airlines
6E 7932,AT7,ATR 72,Indigo Airlines
6E 794,32N,Airbus A320neo,Indigo Airlines
6E 798,32Q,Airbus A321neo,Indigo Airlines
6E 801,32N,Airbus A320neo,Indigo Airlines
6E 802,32N,Airbus A320neo,Indigo Airlines
6E 804,32Q,Airbus A321neo,Indigo Airlines
6E 819,32N,Airbus A320neo,Indigo Airlines
6E 821,32N,Airbus A320neo,Indigo Airlines
6E 825,32N,Airbus A320neo,Indigo Airlines
6E 833,32Q,Airbus A321neo,Indigo Airlines
6E 834,32Q,Airbus A321neo,Indigo Airlines
6E 835,32N,Airbus A320neo,Indigo Airlines
6E 838,32Q,Airbus A321neo,Indigo Airlines
6E 839,32Q,Airbus A321neo,Indigo Airlines
6E 841,32N,Airbus A320neo,Indigo Airlines
6E 843,32Q,Airbus A321neo,Indigo Airlines
6E 845,32A,Airbus A320 (sharklets),Indigo Airlines
6E 855,32N,Airbus A320neo,Indigo Airlines
6E 862,32N,Airbus A320neo,Indigo Airlines
6E 863,32Q,Airbus A321neo,Indigo Airlines
6E 873,32N,Airbus A320neo,Indigo Airlines
6E 885,32N,Airbus A320neo,Indigo Airlines
6E 909,32Q,Airbus A321neo,Indigo Airlines
6E 915,32N,Airbus A320neo,Indigo Airlines
6E 921,32N,Airbus A320neo,Indigo Airlines
6E 922,32N,Airbus A320neo,Indigo Airlines
6E 923,32Q,Airbus A321neo,Indigo Airlines
6E 935,32N,Airbus A320neo,Indigo Airlines
6E 936,32N,Airbus A320neo,Indigo Airlines
6E 945,32N,Airbus A320neo,Indigo Airlines
6E 947,32N,Airbus A320neo,Indigo Airlines
6E 948,32N,Airbus A320neo,Indigo Airlines
6E 949,32Q,Airbus A321neo,Indigo Airlines
6E 959,32N,Airbus A320neo,Indigo Airlines
6E 961,32N,Airbus A320neo,Indigo Airlines
6E 962,32Q,Airbus A321neo,Indigo Airlines
6E 968,32Q,Airbus A321neo,Indigo Airlines
6E 985,32N,Airbus A320neo,Indigo Airlines
6E 987,32Q,Airbus A321neo,Indigo Airlines
6E 993,32Q,Airbus A321neo,Indigo Airlines
6E 996,32N,Airbus A320neo,Indigo Airlines
AI 412,321,Airbus A321,Air India
AI 440,32N,Airbus A320neo,Air India
AI 479,32N,Airbus A320neo,Air India
AI 480,32N,Airbus A320neo,Air India
AI 501,32N,Airbus A320neo,Air India
AI 502,32N,Airbus A320neo,Air India
AI 503,32N,Airbus A320neo,Air India
AI 505,32N,Airbus A320neo,Air India
AI 507,359,Airbus A350-900,Air India
AI 515,319,Airbus A319,Air India
AI 516,319,Airbus A319,Air India
AI 518,32N,Airbus A320neo,Air India
AI 523,32N,Airbus A320neo,Air India
AI 532,32Q,Airbus A321neo,Air India
AI 537,77W,Boeing 777-300ER,Air India
AI 538,77W,Boeing 777-300ER,Air India
AI 540,32N,Airbus A320neo,Air India
AI 545,32N,Airbus A320neo,Air India
AI 546,32N,Airbus A320neo,Air India
AI 559,32N,Airbus A320neo,Air India
AI 563,32N,Airbus A320neo,Air India
AI 564,32N,Airbus A320neo,Air India
AI 608,32N,Airbus A320neo,Air India
AI 609,32N,Airbus A320neo,Air India
AI 611,32N,Airbus A320neo,Air India
AI 612,32N,Airbus A320neo,Air India
AI 631,321,Airbus A321,Air India
AI 632,321,Airbus A321,Air India
AI 639,32N,Airbus A320neo,Air India
AI 640,32N,Airbus A320neo,Air India
AI 645,32N,Airbus A320neo,Air India
AI 646,32N,Airbus A320neo,Air India
AI 647,321,Airbus A321,Air India
AI 648,321,Airbus A321,Air India
AI 652,32N,Airbus A320neo,Air India
AI 653,321,Airbus A321,Air India
AI 657,32N,Airbus A320neo,Air India
AI 658,32N,Airbus A320neo,Air India
AI 659,32N,Airbus A320neo,Air India
AI 660,321,Airbus A321,Air India
AI 675,321,Airbus A321,Air India
AI 676,321,Airbus A321,Air India
AI 677,32N,Airbus A320neo,Air India
AI 678,32N,Airbus A320neo,Air India
AI 681,321,Airbus A321,Air India
AI 682,32N,Airbus A320neo,Air India
AI 683,32N,Airbus A320neo,Air India
AI 684,321,Airbus A321,Air India
AI 685,321,Airbus A321,Air India
AI 693,32N,Airbus A320neo,Air India
AI 727,32N,Airbus A320neo,Air India
AI 773,32N,Airbus A320neo,Air India
AI 774,32N,Airbus A320neo,Air India
AI 775,32N,Airbus A320neo,Air India
AI 776,32N,Airbus A320neo,Air India
AI 803,32N,Airbus A320neo,Air India
AI 809,32N,Airbus A320neo,Air India
AI 811,32N,Airbus A320neo,Air India
AI 812,32N,Airbus A320neo,Air India
AI 819,321,Airbus A321,Air India
AI 820,321,Airbus A321,Air India
AI 849,32N,Airbus A320neo,Air India
AI 850,32N,Airbus A320neo,Air India
AI 852,32Q,Airbus A321neo,Air India
SG 1079,DH4,De Havilland (Bombardier) DHC-8-400 Dash 8Q,SpiceJet Airlines
SG 1080,DH4,De Havilland (Bombardier) DHC-8-400 Dash 8Q,SpiceJet Airlines
SG 121,73W,Boeing 737-700 (winglets) Passenger/BBJ1,SpiceJet Airlines
SG 185,73H,Boeing 737-800 (winglets) Passenger/BBJ2,SpiceJet Airlines
SG 2696,DH4,De Havilland (Bombardier) DHC-8-400 Dash 8Q,SpiceJet Airlines
SG 2937,DH4,De Havilland (Bombardier) DHC-8-400 Dash 8Q,SpiceJet Airlines
SG 2938,DH4,De Havilland (Bombardier) DHC-8-400 Dash 8Q,SpiceJet Airlines
SG 371,73W,Boeing 737-700 (winglets) Passenger/BBJ1,SpiceJet Airlines
SG 472,73W,Boeing 737-700 (winglets) Passenger/BBJ1,SpiceJet Airlines
SG 8125,73W,Boeing 737-700 (winglets) Passenger/BBJ1,SpiceJet Airlines
SG 8477,73J,Boeing 737-900 (winglets) Passenger/BBJ3,SpiceJet Airlines
SG 903,73J,Boeing 737-900 (winglets) Passenger/BBJ3,SpiceJet Airlines
SG 962,73W,Boeing 737-700 (winglets) Passenger/BBJ1,SpiceJet Airlines
